{
  "timestamp": 1743733740533,
  "data": {
    "Yankees": {
      "R": 0.8856960534460638,
      "L": 1.010103946553936,
      "S": 0.9479,
      "raw": {
        "windSpeed": 13.8,
        "windDeg": 220,
        "temp": 70.38,
        "humidity": 77,
        "windArrow": "↙️",
        "emoji": "↙️ 🌡️70.38°F 💧77% 💨13.8mph"
      }
    },
    "Orioles": {
      "R": 0.9381733480497466,
      "L": 0.9993266519502535,
      "S": 0.96875,
      "raw": {
        "windSpeed": 6.91,
        "windDeg": 220,
        "temp": 74.55,
        "humidity": 77,
        "windArrow": "↙️",
        "emoji": "↙️ 🌡️74.55°F 💧77% 💨6.91mph"
      }
    },
    "Red Sox": {
      "R": 0.85,
      "L": 0.9559235979607648,
      "S": 0.8951,
      "raw": {
        "windSpeed": 13.8,
        "windDeg": 210,
        "temp": 63.82,
        "humidity": 87,
        "windArrow": "↙️",
        "emoji": "↙️ 🌡️63.82°F 💧87% 💨13.8mph"
      }
    },
    "Blue Jays": {
      "R": 0.8665914009846515,
      "L": 0.8545085990153484,
      "S": 0.8605499999999999,
      "raw": {
        "windSpeed": 16.11,
        "windDeg": 300,
        "temp": 46.51,
        "humidity": 61,
        "windArrow": "↖️",
        "emoji": "↖️ 🌡️46.51°F 💧61% 💨16.11mph"
      }
    },
    "Rays": {
      "R": 0.9448996679854044,
      "L": 1.0229003320145957,
      "S": 0.9839,
      "raw": {
        "windSpeed": 8.05,
        "windDeg": 180,
        "temp": 78.78,
        "humidity": 80,
        "windArrow": "⬇️",
        "emoji": "⬇️ 🌡️78.78°F 💧80% 💨8.05mph"
      }
    },
    "White Sox": {
      "R": 0.85,
      "L": 0.85,
      "S": 0.85,
      "raw": {
        "windSpeed": 4.63,
        "windDeg": 281,
        "temp": 45.73,
        "humidity": 73,
        "windArrow": "⬅️",
        "emoji": "⬅️ 🌡️45.73°F 💧73% 💨4.63mph"
      }
    },
    "Guardians": {
      "R": 0.8522798474175938,
      "L": 0.9064201525824062,
      "S": 0.87935,
      "raw": {
        "windSpeed": 6.91,
        "windDeg": 230,
        "temp": 53.87,
        "humidity": 70,
        "windArrow": "↙️",
        "emoji": "↙️ 🌡️53.87°F 💧70% 💨6.91mph"
      }
    },
    "Tigers": {
      "R": 0.9000198511926965,
      "L": 0.85,
      "S": 0.8626499999999999,
      "raw": {
        "windSpeed": 9.22,
        "windDeg": 340,
        "temp": 50.13,
        "humidity": 69,
        "windArrow": "⬆️",
        "emoji": "⬆️ 🌡️50.13°F 💧69% 💨9.22mph"
      }
    },
    "Royals": {
      "R": 0.8551570705681688,
      "L": 0.857842929431831,
      "S": 0.8564999999999999,
      "raw": {
        "windSpeed": 3,
        "windDeg": 120,
        "temp": 51.3,
        "humidity": 75,
        "windArrow": "↘️",
        "emoji": "↘️ 🌡️51.3°F 💧75% 💨3mph"
      }
    },
    "Twins": {
      "R": 0.85,
      "L": 0.85,
      "S": 0.85,
      "raw": {
        "windSpeed": 8.05,
        "windDeg": 330,
        "temp": 38.7,
        "humidity": 73,
        "windArrow": "↖️",
        "emoji": "↖️ 🌡️38.7°F 💧73% 💨8.05mph"
      }
    },
    "Astros": {
      "R": 0.9117618239239046,
      "L": 1.0085381760760954,
      "S": 0.96015,
      "raw": {
        "windSpeed": 19.57,
        "windDeg": 150,
        "temp": 77.63,
        "humidity": 89,
        "windArrow": "↘️",
        "emoji": "↘️ 🌡️77.63°F 💧89% 💨19.57mph"
      }
    },
    "Mariners": {
      "R": 0.9036590796461269,
      "L": 0.8876409203538731,
      "S": 0.89565,
      "raw": {
        "windSpeed": 6.91,
        "windDeg": 310,
        "temp": 53.13,
        "humidity": 60,
        "windArrow": "↖️",
        "emoji": "↖️ 🌡️53.13°F 💧60% 💨6.91mph"
      }
    },
    "Rangers": {
      "R": 0.9515586189819316,
      "L": 0.85,
      "S": 0.8874,
      "raw": {
        "windSpeed": 14.97,
        "windDeg": 360,
        "temp": 58.28,
        "humidity": 77,
        "windArrow": "⬆️",
        "emoji": "⬆️ 🌡️58.28°F 💧77% 💨14.97mph"
      }
    },
    "Angels": {
      "R": 0.953666636887007,
      "L": 0.892933363112993,
      "S": 0.9233,
      "raw": {
        "windSpeed": 7,
        "windDeg": 360,
        "temp": 58.66,
        "humidity": 60,
        "windArrow": "⬆️",
        "emoji": "⬆️ 🌡️58.66°F 💧60% 💨7mph"
      }
    },
    "Athletics": {
      "R": 0.85,
      "L": 0.85,
      "S": 0.85,
      "raw": {
        "windSpeed": 8.05,
        "windDeg": 320,
        "temp": 44.31,
        "humidity": 68,
        "windArrow": "↖️",
        "emoji": "↖️ 🌡️44.31°F 💧68% 💨8.05mph"
      }
    },
    "Mets": {
      "R": 0.8856960534460638,
      "L": 1.010103946553936,
      "S": 0.9479,
      "raw": {
        "windSpeed": 13.8,
        "windDeg": 220,
        "temp": 70.38,
        "humidity": 77,
        "windArrow": "↙️",
        "emoji": "↙️ 🌡️70.38°F 💧77% 💨13.8mph"
      }
    },
    "Nationals": {
      "R": 0.9493530669002215,
      "L": 0.9231469330997786,
      "S": 0.93625,
      "raw": {
        "windSpeed": 4.88,
        "windDeg": 323,
        "temp": 52.05,
        "humidity": 37,
        "windArrow": "↖️",
        "emoji": "↖️ 🌡️52.05°F 💧37% 💨4.88mph"
      }
    },
    "Braves": {
      "R": 0.9781825273840669,
      "L": 1.0313174726159333,
      "S": 1.00475,
      "raw": {
        "windSpeed": 9.22,
        "windDeg": 150,
        "temp": 76.15,
        "humidity": 63,
        "windArrow": "↘️",
        "emoji": "↘️ 🌡️76.15°F 💧63% 💨9.22mph"
      }
    },
    "Phillies": {
      "R": 0.9033881350431373,
      "L": 1.0005118649568623,
      "S": 0.9519499999999999,
      "raw": {
        "windSpeed": 10.36,
        "windDeg": 210,
        "temp": 72.39,
        "humidity": 80,
        "windArrow": "↙️",
        "emoji": "↙️ 🌡️72.39°F 💧80% 💨10.36mph"
      }
    },
    "Marlins": {
      "R": 0.9691734480783035,
      "L": 0.9799265519216964,
      "S": 0.97455,
      "raw": {
        "windSpeed": 12.66,
        "windDeg": 110,
        "temp": 78.51,
        "humidity": 84,
        "windArrow": "➡️",
        "emoji": "➡️ 🌡️78.51°F 💧84% 💨12.66mph"
      }
    },
    "Cubs": {
      "R": 0.85,
      "L": 0.85,
      "S": 0.85,
      "raw": {
        "windSpeed": 4.63,
        "windDeg": 281,
        "temp": 45.73,
        "humidity": 73,
        "windArrow": "⬅️",
        "emoji": "⬅️ 🌡️45.73°F 💧73% 💨4.63mph"
      }
    },
    "Cardinals": {
      "R": 0.85,
      "L": 0.85,
      "S": 0.85,
      "raw": {
        "windSpeed": 5.75,
        "windDeg": 20,
        "temp": 50.65,
        "humidity": 93,
        "windArrow": "⬆️",
        "emoji": "⬆️ 🌡️50.65°F 💧93% 💨5.75mph"
      }
    },
    "Reds": {
      "R": 0.85,
      "L": 0.85,
      "S": 0.85,
      "raw": {
        "windSpeed": 3,
        "windDeg": 76,
        "temp": 51.64,
        "humidity": 93,
        "windArrow": "➡️",
        "emoji": "➡️ 🌡️51.64°F 💧93% 💨3mph"
      }
    },
    "Pirates": {
      "R": 0.8760961377171409,
      "L": 0.85,
      "S": 0.8530500000000001,
      "raw": {
        "windSpeed": 5.75,
        "windDeg": 0,
        "temp": 57.81,
        "humidity": 93,
        "windArrow": "⬆️",
        "emoji": "⬆️ 🌡️57.81°F 💧93% 💨5.75mph"
      }
    },
    "Brewers": {
      "R": 0.85,
      "L": 0.85,
      "S": 0.85,
      "raw": {
        "windSpeed": 5.75,
        "windDeg": 340,
        "temp": 40.96,
        "humidity": 71,
        "windArrow": "⬆️",
        "emoji": "⬆️ 🌡️40.96°F 💧71% 💨5.75mph"
      }
    },
    "Dodgers": {
      "R": 0.8528199672609854,
      "L": 0.9319800327390144,
      "S": 0.8924,
      "raw": {
        "windSpeed": 13.8,
        "windDeg": 260,
        "temp": 56.48,
        "humidity": 70,
        "windArrow": "⬅️",
        "emoji": "⬅️ 🌡️56.48°F 💧70% 💨13.8mph"
      }
    },
    "Giants": {
      "R": 0.8892467001782336,
      "L": 0.8827532998217664,
      "S": 0.886,
      "raw": {
        "windSpeed": 21,
        "windDeg": 293,
        "temp": 55.2,
        "humidity": 70,
        "windArrow": "↖️",
        "emoji": "↖️ 🌡️55.2°F 💧70% 💨21mph"
      }
    },
    "Padres": {
      "R": 0.9103204232663209,
      "L": 0.8552795767336789,
      "S": 0.8827999999999999,