{
  "timestamp": 1743657167823,
  "data": {
    "Yankees": {
      "R": 0.85,
      "L": 0.85,
      "S": 0.85,
      "raw": {
        "windSpeed": 10.36,
        "windDeg": 140,
        "temp": 45.25,
        "humidity": 82,
        "windArrow": "↘️",
        "emoji": "↘️ 🌡️45.25°F 💧82% 💨10.36mph"
      }
    },
    "Orioles": {
      "R": 0.85,
      "L": 0.8770563825980005,
      "S": 0.8564999999999999,
      "raw": {
        "windSpeed": 6.91,
        "windDeg": 150,
        "temp": 50.9,
        "humidity": 74,
        "windArrow": "↘️",
        "emoji": "↘️ 🌡️50.9°F 💧74% 💨6.91mph"
      }
    },
    "Red Sox": {
      "R": 0.85,
      "L": 0.85,
      "S": 0.85,
      "raw": {
        "windSpeed": 12.66,
        "windDeg": 150,
        "temp": 35.92,
        "humidity": 83,
        "windArrow": "↘️",
        "emoji": "↘️ 🌡️35.92°F 💧83% 💨12.66mph"
      }
    },
    "Blue Jays": {
      "R": 0.85,
      "L": 0.85,
      "S": 0.85,
      "raw": {
        "windSpeed": 20,
        "windDeg": 70,
        "temp": 38.61,
        "humidity": 95,
        "windArrow": "➡️",
        "emoji": "➡️ 🌡️38.61°F 💧95% 💨20mph"
      }
    },
    "Rays": {
      "R": 0.917404698655198,
      "L": 1.0327953013448021,
      "S": 0.9751000000000001,
      "raw": {
        "windSpeed": 18.41,
        "windDeg": 140,
        "temp": 76.62,
        "humidity": 79,
        "windArrow": "↘️",
        "emoji": "↘️ 🌡️76.62°F 💧79% 💨18.41mph"
      }
    },
    "White Sox": {
      "R": 0.8813688181712088,
      "L": 0.9363311818287909,
      "S": 0.9088499999999999,
      "raw": {
        "windSpeed": 19.57,
        "windDeg": 280,
        "temp": 59.77,
        "humidity": 70,
        "windArrow": "⬅️",
        "emoji": "⬅️ 🌡️59.77°F 💧70% 💨19.57mph"
      }
    },
    "Guardians": {
      "R": 0.8516298827613098,
      "L": 1.0420701172386901,
      "S": 0.94685,
      "raw": {
        "windSpeed": 21.85,
        "windDeg": 180,
        "temp": 67.37,
        "humidity": 70,
        "windArrow": "⬇️",
        "emoji": "⬇️ 🌡️67.37°F 💧70% 💨21.85mph"
      }
    },
    "Tigers": {
      "R": 0.85,
      "L": 0.9860595653915057,
      "S": 0.86045,
      "raw": {
        "windSpeed": 31.07,
        "windDeg": 200,
        "temp": 60.49,
        "humidity": 96,
        "windArrow": "⬇️",
        "emoji": "⬇️ 🌡️60.49°F 💧96% 💨31.07mph"
      }
    },
    "Royals": {
      "R": 0.8601342816585793,
      "L": 0.9057657183414207,
      "S": 0.88295,
      "raw": {
        "windSpeed": 5.75,
        "windDeg": 230,
        "temp": 52.99,
        "humidity": 66,
        "windArrow": "↙️",
        "emoji": "↙️ 🌡️52.99°F 💧66% 💨5.75mph"
      }
    },
    "Twins": {
      "R": 0.85,
      "L": 0.85,
      "S": 0.85,
      "raw": {
        "windSpeed": 12.66,
        "windDeg": 250,
        "temp": 34.47,
        "humidity": 93,
        "windArrow": "⬅️",
        "emoji": "⬅️ 🌡️34.47°F 💧93% 💨12.66mph"
      }
    },
    "Astros": {
      "R": 0.9369495638135487,
      "L": 0.9926504361864511,
      "S": 0.9647999999999999,
      "raw": {
        "windSpeed": 16.11,
        "windDeg": 140,
        "temp": 77.36,
        "humidity": 86,
        "windArrow": "↘️",
        "emoji": "↘️ 🌡️77.36°F 💧86% 💨16.11mph"
      }
    },
    "Mariners": {
      "R": 0.85,
      "L": 0.85,
      "S": 0.85,
      "raw": {
        "windSpeed": 5.75,
        "windDeg": 130,
        "temp": 45.18,
        "humidity": 86,
        "windArrow": "↘️",
        "emoji": "↘️ 🌡️45.18°F 💧86% 💨5.75mph"
      }
    },
    "Rangers": {
      "R": 0.9810181525859231,
      "L": 0.9527818474140768,
      "S": 0.9669,
      "raw": {
        "windSpeed": 6.91,
        "windDeg": 80,
        "temp": 69.78,
        "humidity": 66,
        "windArrow": "➡️",
        "emoji": "➡️ 🌡️69.78°F 💧66% 💨6.91mph"
      }
    },
    "Angels": {
      "R": 0.85,
      "L": 0.9065182955834311,
      "S": 0.86715,
      "raw": {
        "windSpeed": 9.22,
        "windDeg": 210,
        "temp": 53.83,
        "humidity": 76,
        "windArrow": "↙️",
        "emoji": "↙️ 🌡️53.83°F 💧76% 💨9.22mph"
      }
    },
    "Athletics": {
      "R": 0.85,
      "L": 0.8915145988668111,
      "S": 0.85,
      "raw": {
        "windSpeed": 15.01,
        "windDeg": 196,
        "temp": 56.12,
        "humidity": 97,
        "windArrow": "⬇️",
        "emoji": "⬇️ 🌡️56.12°F 💧97% 💨15.01mph"
      }
    },
    "Mets": {
      "R": 0.85,
      "L": 0.85,
      "S": 0.85,
      "raw": {
        "windSpeed": 10.36,
        "windDeg": 140,
        "temp": 45.25,
        "humidity": 82,
        "windArrow": "↘️",
        "emoji": "↘️ 🌡️45.25°F 💧82% 💨10.36mph"
      }
    },
    "Nationals": {
      "R": 0.85,
      "L": 0.85,
      "S": 0.85,
      "raw": {
        "windSpeed": 5.64,
        "windDeg": 282,
        "temp": 39.04,
        "humidity": 56,
        "windArrow": "⬅️",
        "emoji": "⬅️ 🌡️39.04°F 💧56% 💨5.64mph"
      }
    },
    "Braves": {
      "R": 0.9427346447743385,
      "L": 0.9455653552256614,
      "S": 0.9441499999999999,
      "raw": {
        "windSpeed": 3.44,
        "windDeg": 120,
        "temp": 68.83,
        "humidity": 75,
        "windArrow": "↘️",
        "emoji": "↘️ 🌡️68.83°F 💧75% 💨3.44mph"
      }
    },
    "Phillies": {
      "R": 0.85,
      "L": 0.85750190625,
      "S": 0.85,
      "raw": {
        "windSpeed": 5.75,
        "windDeg": 140,
        "temp": 47.07,
        "humidity": 70,
        "windArrow": "↘️",
        "emoji": "↘️ 🌡️47.07°F 💧70% 💨5.75mph"
      }
    },
    "Marlins": {
      "R": 0.9687887022178386,
      "L": 0.9805112977821614,
      "S": 0.97465,
      "raw": {
        "windSpeed": 13.8,
        "windDeg": 110,
        "temp": 78.13,
        "humidity": 83,
        "windArrow": "➡️",
        "emoji": "➡️ 🌡️78.13°F 💧83% 💨13.8mph"
      }
    },
    "Cubs": {
      "R": 0.9088499999999999,
      "L": 0.9088499999999999,
      "S": 0.9088499999999999,
      "raw": {
        "windSpeed": 19.57,
        "windDeg": 280,
        "temp": 59.77,
        "humidity": 70,
        "windArrow": "⬅️",
        "emoji": "⬅️ 🌡️59.77°F 💧70% 💨19.57mph"
      }
    },
    "Cardinals": {
      "R": 0.8594898365571335,
      "L": 0.9125101634428666,
      "S": 0.886,
      "raw": {
        "windSpeed": 6.91,
        "windDeg": 240,
        "temp": 62.4,
        "humidity": 88,
        "windArrow": "↙️",
        "emoji": "↙️ 🌡️62.4°F 💧88% 💨6.91mph"
      }
    },
    "Reds": {
      "R": 0.8911567084265466,
      "L": 0.9240432915734533,
      "S": 0.9076,
      "raw": {
        "windSpeed": 14,
        "windDeg": 274,
        "temp": 65.52,
        "humidity": 85,
        "windArrow": "⬅️",
        "emoji": "⬅️ 🌡️65.52°F 💧85% 💨14mph"
      }
    },
    "Pirates": {
      "R": 0.8676014783567692,
      "L": 1.0096985216432308,
      "S": 0.93865,
      "raw": {
        "windSpeed": 16.11,
        "windDeg": 180,
        "temp": 66.13,
        "humidity": 71,
        "windArrow": "⬇️",
        "emoji": "⬇️ 🌡️66.13°F 💧71% 💨16.11mph"
      }
    },
    "Brewers": {
      "R": 0.85,
      "L": 0.925955657637185,
      "S": 0.8675999999999999,
      "raw": {
        "windSpeed": 21.85,
        "windDeg": 250,
        "temp": 52.72,
        "humidity": 73,
        "windArrow": "⬅️",
        "emoji": "⬅️ 🌡️52.72°F 💧73% 💨21.85mph"
      }
    },
    "Dodgers": {
      "R": 0.85,
      "L": 0.921327638819317,
      "S": 0.8822,
      "raw": {
        "windSpeed": 13.8,
        "windDeg": 260,
        "temp": 53.64,
        "humidity": 68,
        "windArrow": "⬅️",
        "emoji": "⬅️ 🌡️53.64°F 💧68% 💨13.8mph"
      }
    },
    "Giants": {
      "R": 0.85,
      "L": 0.8588404162330793,
      "S": 0.85,
      "raw": {
        "windSpeed": 20.71,
        "windDeg": 280,
        "temp": 49.64,
        "humidity": 78,
        "windArrow": "⬅️",
        "emoji": "⬅️ 🌡️49.64°F 💧78% 💨20.71mph"
      }
    },
    "Padres": {
      "R": 0.85,
      "L": 0.8684056656149024,
      "S": 0.85545,